Region,N observations,Mean EF (N2O-N),SD EF (N2O-N),Min EF (N2O-N),Max EF (N2O-N)
Africa,16,0.00296,0.00624,-0.00367,0.01880
CIS,6,0.00266,0.00165,0.00071,0.00495
East Asia,481,0.00650,0.01052,-0.03223,0.09832
Europe,479,0.00720,0.01400,-0.03000,0.10820
Latin America,56,0.02442,0.03679,-0.01192,0.14380
North America,501,0.01059,0.03336,-0.14000,0.46000
Oceania,26,0.00485,0.00711,0.00020,0.03350
South Asia,34,0.00724,0.00790,0.00022,0.02842
WORLD,1599,0.00856,0.02240,-0.03223,0.46000
